<?xml version="1.1" encoding="UTF-8" standalone="yes"?>
<addon id="repository.openviewhelper" name="OpenView Helper" version="1.0" provider-name="OpenElf">
	<extension point="xbmc.addon.repository" name="OpenElf Addon Repository">
		<info compressed="false">http://raw.github.com/OpenElf/openviewhelper/master/addons.xml</info>
		<checksum>http://raw.github.com/OpenElf/openviewhelper/master/addons.xml.md5</checksum>
		<datadir zip="true">http://raw.github.com/OpenElf/openviewhelper/master/zips</datadir>
	</extension>
	<extension point="xbmc.addon.metadata">
		<summary>Addons specifically for OpenView only</summary>
		<description>Download and install addons from OpenElf for the OpenView platform only</description>
		<platform>all</platform>
	</extension>
</addon>

