<?xml version="1.0" encoding="UTF-8" standalone="yes"?>
<addon id="repository.openviewhelper" name="OpenView Helper" version="1.0" provider-name="OpenElf">
	<extension point="xbmc.addon.repository" name="OpenElf Addon Repository">
		<info compressed="false">http://82.3.233.184:8591/openviewhelper/addons.xml</info>
		<checksum>http://82.3.233.184:8591/openviewhelper/addons.xml.md5</checksum>
		<datadir zip="true">http://82.3.233.184:8591/openviewhelper/zips</datadir>
	</extension>
	<extension point="xbmc.addon.metadata">
		<summary>Install OpenView Helper Addons</summary>
		<description>Download and install addons from OpenElf.......For Support Visit http://openviewhelper.blogspot.co.uk/</description>
		<platform>all</platform>
	</extension>
</addon>

